Player,Role,Amount,Team,Year,Player Origin
Aaron Finch,Batter,40000000,SRH,2014,Overseas
Aaron Finch,Batter,32000000,MI,2015,Overseas
Aaron Finch,Batter,10000000,GL,2016,Overseas
Aaron Finch,Batter,62000000,PBKS,2018,Overseas
Aaron Finch,Batter,44000000,RCB,2020,Overseas
Abdul Samad,All-Rounder,2000000,SRH,2020,Indian
Abhijeet Tomar,Batter,4000000,KKR,2022,Indian
Abhimanyu Mithun,Bowler,3000000,MI,2015,Indian
Abhimanyu Mithun,Bowler,3000000,SRH,2016,Indian
Abhinav Sadarangani,Batter,26000000,GT,2022,Indian
Abhishek Nayar,All-Rounder,50625000,PWI,2013,Indian
Abhishek Nayar,All-Rounder,10000000,RR,2014,Indian
Abhishek Sharma,All-Rounder,5500000,DC,2018,Indian
Abhishek Sharma,All-Rounder,65000000,SRH,2022,Indian
Abu Nechim Ahmed,Bowler,3000000,RCB,2014,Indian
Adam Milne,Bowler,7000000,RCB,2015,Overseas
Adam Milne,Bowler,32000000,MI,2021,Overseas
Adam Milne,Bowler,19000000,CSK,2022,Overseas
Adam Zampa,Bowler,3000000,RPSG,2016,Overseas
Aditya Garhwal,All-Rounder,2500000,KKR,2015,Indian
Aditya Tare,Batter,16000000,MI,2014,Indian
Aditya Tare,Batter,12000000,SRH,2016,Indian
Aditya Tare,Batter,2500000,DC,2017,Indian
Aditya Tare,Batter,2000000,MI,2018,Indian
Agnivesh Ayachi,All-Rounder,2000000,PBKS,2019,Indian
Aiden Blizzard,Batter,3000000,MI,2015,Overseas
Aiden Markram,Batter,26000000,SRH,2022,Overseas
Ajantha Mendis,Bowler,54375000,PWI,2013,Overseas
Ajinkya Rahane,Batter,40000000,RR,2018,Indian
Ajinkya Rahane,Batter,10000000,KKR,2022,Indian
Akash Deep,Bowler,2000000,RCB,2022,Indian
Akash Singh,Bowler,2000000,RR,2020,Indian
Akash Singh,Bowler,2000000,RR,2021,Indian
Akhil Arvind Herwadkar,All-Rounder,1000000,DC,2016,Indian
Akila Dananjaya,All-Rounder,1500000,CSK,2013,Overseas
Akila Dhananjaya,Bowler,5000000,MI,2018,Overseas
Akshar Rajesh Patel,All-Rounder,7500000,PBKS,2014,Indian
Akshay Karnewar,All-Rounder,1000000,RCB,2016,Indian
Akshay Wakhare,Bowler,1000000,MI,2015,Indian
Akshdeep Nath,All-Rounder,1000000,GL,2016,Indian
Akshdeep Nath,All-Rounder,1000000,GL,2017,Indian
Akshdeep Nath,All-Rounder,10000000,PBKS,2018,Indian
Akshdeep Nath,All-Rounder,36000000,RCB,2019,Indian
Albie Morkel,All-Rounder,24000000,RCB,2014,Overseas
Albie Morkel,All-Rounder,3000000,DC,2015,Overseas
Alex Carey,Batter,24000000,DC,2020,Overseas
Alex Hales,Batter,15000000,KKR,2022,Overseas
Alzarri Joseph,Bowler,24000000,GT,2022,Overseas
Aman Khan,All-Rounder,2000000,KKR,2022,Indian
Ambati Rayudu,Batter,22000000,CSK,2018,Indian
Ambati Rayudu,Batter,67500000,CSK,2022,Indian
Amit Mishra,Bowler,1000000,RR,2014,Indian
Amit Mishra,Bowler,47500000,SRH,2014,Indian
Amit Mishra,Bowler,35000000,DC,2015,Indian
Amit Mishra,Bowler,1000000,GL,2016,Indian
Amit Mishra,Bowler,40000000,DC,2018,Indian
Amit Paunikar,Batter,2000000,SRH,2014,Indian
Andre Russell,All-Rounder,6000000,KKR,2014,Overseas
Andrew Tye,Bowler,2000000,CSK,2015,Overseas
Andrew Tye,All-Rounder,5000000,GL,2016,Overseas
Andrew Tye,Bowler,72000000,PBKS,2018,Overseas
Andrew Tye,Bowler,10000000,RR,2020,Overseas
Aneeshwar Gautam,All-Rounder,2000000,RCB,2022,Indian
Angelo Mathews,All-Rounder,75000000,DC,2015,Overseas
Angelo Mathews,All-Rounder,20000000,DC,2017,Overseas
Aniket Choudhary,Bowler,20000000,RCB,2017,Indian
Aniket Choudhary,Bowler,3000000,RCB,2018,Indian
Anirudha Ashok Joshi,All-Rounder,2000000,RCB,2018,Indian
Anirudha Ashok Joshi,All-Rounder,2000000,RR,2020,Indian
Ankeet Bawane,Batter,1000000,DC,2017,Indian
Ankit Nagendra Sharma,Bowler,1000000,RR,2014,Indian
Ankit Sharma,All-Rounder,1000000,RPSG,2016,Indian
Ankit Sharma,All-Rounder,2000000,RR,2018,Indian
Ankit Singh Rajpoot,Bowler,15000000,KKR,2016,Indian
Ankit Singh Rajpoot,Bowler,30000000,PBKS,2018,Indian
Ankit Singh Rajpoot,Bowler,5000000,LSG,2022,Indian
Ankush Bains,Batter,1000000,RR,2014,Indian
Ankush Bains,Batter,1000000,CSK,2015,Indian
Ankush Bains,Batter,1000000,RPSG,2016,Indian
Ankush Bains,Batter,2000000,DC,2019,Indian
Anmolpreet Singh,Batter,8000000,MI,2019,Indian
Anmolpreet Singh,Batter,2000000,MI,2022,Indian
Anrich Nortje,Bowler,2000000,KKR,2019,Overseas
Ansh Patel,All-Rounder,2000000,PBKS,2022,Indian
Anuj Rawat,Batter,8000000,RR,2020,Indian
Anuj Rawat,Batter,34000000,RCB,2022,Indian
Anukul Roy,All-Rounder,2000000,MI,2018,Indian
Anukul Roy,All-Rounder,2000000,KKR,2022,Indian
Anunay Singh,All-Rounder,2000000,RR,2022,Indian
Anureet Singh,Bowler,2000000,PBKS,2014,Indian
Anureet Singh,Bowler,3000000,RR,2018,Indian
Apoorv Vijay Wankhade,Batter,1000000,MI,2014,Indian
Apoorv Vijay Wankhade,Batter,2000000,KKR,2018,Indian
Arjun Tendulkar,All-Rounder,2000000,MI,2021,Indian
Arjun Tendulkar,All-Rounder,3000000,MI,2022,Indian
Armaan Jaffer,Batter,1000000,PBKS,2016,Indian
Arshdeep Singh,Bowler,2000000,PBKS,2019,Indian
Aryaman Vikram Birla,All-Rounder,3000000,RR,2018,Indian
Aryan Juyal,Batter,2000000,MI,2022,Indian
Asela Gunarathna,Batter,3000000,MI,2017,Overseas
Ashish Nehra,Bowler,20000000,CSK,2014,Indian
Ashish Nehra,Bowler,55000000,SRH,2016,Indian
Ashish Reddy,Bowler,2000000,SRH,2014,Indian
Ashok Dinda,Bowler,15000000,RCB,2014,Indian
Ashok Dinda,Bowler,5000000,RPSG,2016,Indian
Ashok Sharma,Bowler,5500000,KKR,2022,Indian
Ashton Turner,All-Rounder,5000000,RR,2019,Indian
Ashwin Hebbar,Batter,2000000,DC,2022,Indian
Asif K M,Bowler,4000000,CSK,2018,Indian
Atharva Taide,All-Rounder,2000000,PBKS,2022,Indian
Avesh Khan,Bowler,7000000,DC,2018,Indian
Avesh Khan,Bowler,100000000,LSG,2022,Indian
Axar Rajesh Patel,All-Rounder,50000000,DC,2019,Indian
Ayush Badoni,All-Rounder,2000000,LSG,2022,Indian
B. Sai Sudharsan,All-Rounder,2000000,GT,2022,Indian
Baba Aparajith,Batter,1000000,CSK,2014,Indian
Baba Aparajith,All-Rounder,1000000,RPSG,2016,Indian
Baba Indrajith,Batter,2000000,KKR,2022,Indian
Baltej Dhanda,Bowler,2000000,PBKS,2022,Indian
Bandaru Ayyappa,Bowler,2000000,DC,2019,Indian
Barinder Singh Saran,Bowler,1000000,RR,2015,Indian
Barinder Singh Sran,Bowler,12000000,SRH,2016,Indian
Barinder Singh Sran,Bowler,22000000,PBKS,2018,Indian
Barinder Singh Sran,Bowler,34000000,MI,2019,Indian
Basil Thampi,Bowler,8500000,GL,2017,Indian
Basil Thampi,Bowler,9500000,SRH,2018,Indian
Basil Thampi,Bowler,3000000,MI,2022,Indian
Ben Cutting,Bowler,8000000,RR,2014,Overseas
Ben Cutting,All-Rounder,5000000,SRH,2016,Overseas
Ben Cutting,All-Rounder,22000000,MI,2018,Overseas
Ben Cutting,All-Rounder,7500000,KKR,2021,Overseas
Ben Dunk,Batter,2000000,MI,2014,Overseas
Ben Dwarshuis,Bowler,14000000,PBKS,2018,Overseas
Ben Hilfenhaus,Bowler,10000000,CSK,2014,Overseas
Ben Laughlin,Bowler,1500000,CSK,2013,Overseas
Ben Laughlin,Bowler,3000000,SRH,2017,Overseas
Ben Laughlin,Bowler,5000000,RR,2018,Overseas
Benjamin Stokes,All-Rounder,145000000,RPSG,2017,Overseas
Benjamin Stokes,All-Rounder,125000000,RR,2018,Overseas
Benny Howell,All-Rounder,4000000,PBKS,2022,Overseas
Beuran Hendricks,Bowler,18000000,PBKS,2014,Overseas
Bhanuka Rajapaksa,Batter,5000000,PBKS,2022,Overseas
Bhuvneshwar Kumar,Bowler,42500000,SRH,2014,Overseas
Bhuvneshwar Kumar,Bowler,42000000,SRH,2022,Indian
Billy Stanlake,Bowler,3000000,RCB,2017,Overseas
Billy Stanlake,Batter,5000000,SRH,2018,Overseas
Bipul Sharma,All-Rounder,2000000,SRH,2018,Indian
Brad Hodge,Batter,24000000,RR,2014,Overseas
Brad Hogg,Bowler,5000000,KKR,2015,Overseas
Brendan Taylor,Batter,3000000,SRH,2014,Overseas
Brendon McCullum,Batter,32500000,CSK,2014,Overseas
Brendon McCullum,Batter,36000000,RCB,2018,Overseas
C Hari Nishaanth,Batter,2000000,CSK,2021,Indian
C.Hari Nishaanth,Batter,2000000,CSK,2022,Indian
C.M. Gautam,Batter,2000000,MI,2014,Indian
C.M. Gautam,Batter,2000000,DC,2015,Indian
Cameron Delport,All-Rounder,3000000,KKR,2018,Overseas
Carlos Brathwaite,All-Rounder,42000000,DC,2016,Overseas
Carlos Brathwaite,All-Rounder,20000000,SRH,2018,Overseas
Carlos Brathwaite,All-Rounder,50000000,KKR,2019,Overseas
Chaitanya Bishnoi,All-Rounder,2000000,CSK,2018,Indian
Chama Milind,Bowler,1000000,SRH,2014,Indian
Chama Milind,Bowler,1000000,DC,2016,Indian
Chama Milind,Bowler,2500000,RCB,2022,Indian
Chamika Karunaratne,All-Rounder,5000000,KKR,2022,Overseas
Chetan Sakariya,Bowler,12000000,RR,2021,Indian
Chetan Sakariya,Bowler,42000000,DC,2022,Indian
Cheteshwar Pujara,Batter,19000000,PBKS,2014,Indian
Cheteshwar Pujara,Batter,5000000,CSK,2021,Indian
Chirag Suri,Batter,1000000,GL,2017,Indian
Chris Green,All-Rounder,2000000,KKR,2020,Overseas
Chris Jordan,All-Rounder,5000000,SRH,2017,Overseas
Chris Jordan,All-Rounder,10000000,SRH,2018,Overseas
Chris Jordan,All-Rounder,30000000,PBKS,2020,Overseas
Chris Jordan,All-Rounder,36000000,CSK,2022,Overseas
Chris Lynn,Batter,13000000,KKR,2014,Overseas
Chris Lynn,Batter,96000000,KKR,2018,Overseas
Chris Lynn,Batter,20000000,MI,2020,Overseas
Chris Woakes,All-Rounder,42000000,KKR,2017,Overseas
Chris Woakes,All-Rounder,74000000,RCB,2018,Overseas
Chris Woakes,All-Rounder,15000000,DC,2020,Overseas
Christopher Barnwell,All-Rounder,3750000,RCB,2013,Overseas
Christopher Gayle,Batter,20000000,PBKS,2018,Overseas
Christopher Morris,All-Rounder,46875000,CSK,2013,Overseas
Christopher Morris,All-Rounder,14000000,RR,2015,Overseas
Christopher Morris,All-Rounder,70000000,DC,2016,Overseas
Christopher Morris,All-Rounder,100000000,RCB,2020,Overseas
Christopher Morris,All-Rounder,162500000,RR,2021,Overseas
Clinton McKay,Bowler,7500000,SRH,2013,Overseas
Colin De Grandhomme,All-Rounder,22000000,RCB,2018,Overseas
Colin Ingram,Batter,64000000,DC,2019,Overseas
Colin Munro,All-Rounder,3000000,KKR,2016,Overseas
Colin Munro,All-Rounder,19000000,DC,2018,Overseas
Corey Anderson,All-Rounder,45000000,MI,2014,Overseas
Corey Anderson,All-Rounder,10000000,DC,2017,Overseas
Dale Steyn,Bowler,23000000,GL,2016,Overseas
Dale Steyn,Bowler,20000000,RCB,2020,Overseas
Dan Christian,All-Rounder,48000000,RCB,2021,Overseas
Daniel Christian,All-Rounder,7500000,RCB,2013,Overseas
Daniel Christian,All-Rounder,10000000,RPSG,2017,Overseas
Daniel Christian,All-Rounder,15000000,DC,2018,Overseas
Daniel Sams,All-Rounder,26000000,MI,2022,Overseas
Darcy Short,All-Rounder,40000000,RR,2018,Overseas
Darren Bravo,Batter,5000000,KKR,2017,Overseas
Darren Sammy,All-Rounder,31875000,SRH,2013,Overseas
Darren Sammy,All-Rounder,35000000,SRH,2014,Overseas
Darren Sammy,All-Rounder,28000000,RCB,2015,Overseas
Darren Sammy,All-Rounder,3000000,PBKS,2017,Overseas
Darshan Nalkande,All-Rounder,3000000,PBKS,2019,Indian
Darshan Nalkande,All-Rounder,2000000,GT,2022,Indian
Daryl Mitchell,All-Rounder,7500000,RR,2022,Overseas
David Miller,Batter,30000000,PBKS,2018,Overseas
David Miller,Batter,7500000,RR,2020,Overseas
David Miller,Batter,30000000,GT,2022,Overseas
David Warner,Batter,55000000,SRH,2014,Overseas
David Warner,Batter,62500000,DC,2022,Overseas
David Wiese,All-Rounder,28000000,RCB,2015,Overseas
David Willey,All-Rounder,20000000,RCB,2022,Overseas
Dawid Malan,All-Rounder,15000000,PBKS,2021,Overseas
Debabrata Das,Batter,2000000,KKR,2014,Indian
Deepak Chahar,All-Rounder,1000000,RPSG,2016,Indian
Deepak Chahar,All-Rounder,8000000,CSK,2018,Indian
Deepak Chahar,Bowler,140000000,CSK,2022,Indian
Deepak Hooda,Bowler,4000000,RR,2014,Indian
Deepak Hooda,All-Rounder,42000000,SRH,2016,Indian
Deepak Hooda,All-Rounder,36000000,SRH,2018,Indian
Deepak Hooda,All-Rounder,5000000,PBKS,2020,Indian
Deepak Hooda,All-Rounder,57500000,LSG,2022,Indian
Deepak Punia,All-Rounder,1000000,MI,2016,Indian
Devdutt Padikkal,Batter,2000000,RCB,2019,Indian
Devdutt Padikkal,Batter,77500000,RR,2022,Indian
Devon Conway,Batter,10000000,CSK,2022,Overseas
Dewald Brevis,Batter,30000000,MI,2022,Overseas
Dhawal Kulkarni,Bowler,11000000,RR,2014,Indian
Dhawal Kulkarni,Bowler,20000000,GL,2016,Indian
Dhawal Kulkarni,Bowler,7500000,RR,2018,Indian
Dhruv Jurel,Batter,2000000,RR,2022,Indian
Dhruv Shorey,All-Rounder,2000000,CSK,2018,Indian
Digvijay Deshmukh,All-Rounder,2000000,MI,2020,Indian
Dinesh Karthik,Batter,125000000,DC,2014,Indian
Dinesh Karthik,Batter,105000000,RCB,2015,Indian
Dinesh Karthik,Batter,23000000,GL,2016,Indian
Dinesh Karthik,Batter,74000000,KKR,2018,Indian
Dinesh Karthik,Batter,55000000,RCB,2022,Indian
Dinesh Salunkhe,All-Rounder,1000000,RR,2015,Indian
Dirk Nannes,Bowler,45000000,CSK,2013,Overseas
Dishant Yagnik,Batter,3000000,RR,2014,Indian
Dominic Drakes,All-Rounder,11000000,GT,2022,Overseas
Domnic Joseph Muthuswamy,Bowler,7500000,DC,2015,Overseas
Dushmanta Chameera,Bowler,20000000,LSG,2022,Overseas
Dushmantha Chameera,Bowler,5000000,RR,2018,Overseas
Dwaine Pretorius,All-Rounder,5000000,CSK,2022,Overseas
Dwayne Bravo,All-Rounder,64000000,CSK,2018,Overseas
Dwayne Bravo,All-Rounder,44000000,CSK,2022,Overseas
Dwayne Smith,Batter,45000000,CSK,2014,Overseas
Dwayne Smith,All-Rounder,23000000,GL,2016,Overseas
Eklavya Dwivedi,Batter,1000000,CSK,2015,Indian
Eklavya Dwivedi,Batter,10000000,GL,2016,Indian
Eklavya Dwivedi,Batter,7500000,SRH,2017,Indian
Eoin Morgan,Batter,15000000,SRH,2015,Overseas
Eoin Morgan,Batter,20000000,PBKS,2017,Overseas
Eoin Morgan,Batter,52500000,KKR,2020,Overseas
Evin Lewis,Batter,38000000,MI,2018,Overseas
Evin Lewis,Batter,20000000,LSG,2022,Overseas
Fabian Allen,All-Rounder,5000000,SRH,2020,Overseas
Fabian Allen,All-Rounder,7500000,PBKS,2021,Overseas
Fabian Allen,All-Rounder,7500000,MI,2022,Overseas
Faf Du Plessis,Batter,47500000,CSK,2014,Overseas
Faf Du Plessis,Batter,16000000,CSK,2018,Overseas
Faf Du Plessis,Batter,70000000,RCB,2022,Overseas
Farhaan Behardien,All-Rounder,3000000,PBKS,2016,Overseas
Fazalhaq Farooqi,Bowler,5000000,SRH,2022,Overseas
Fidel Edwards,Bowler,15750000,RR,2013,Overseas
Finn Allen,Batter,8000000,RCB,2022,Overseas
Gautam Gambhir,Batter,28000000,DC,2018,Indian
George Bailey,Batter,32500000,PBKS,2014,Overseas
Glenn Maxwell,All-Rounder,75000000,MI,2013,Overseas
Glenn Maxwell,All-Rounder,60000000,PBKS,2014,Overseas
Glenn Maxwell,All-Rounder,90000000,DC,2018,Overseas
Glenn Maxwell,All-Rounder,107500000,PBKS,2020,Overseas
Glenn Maxwell,All-Rounder,142500000,RCB,2021,Overseas
Glenn Phillips,Batter,15000000,SRH,2022,Overseas
Gurinder Sandhu,Bowler,17000000,DC,2015,Indian
Gurkeerat Singh Mann,All-Rounder,5000000,GT,2022,Indian
Gurkeerat Singh Mann,All-Rounder,7500000,DC,2018,Indian
Gurkeerat Singh Mann,All-Rounder,5000000,RCB,2019,Indian
Gurkeerat Singh Mann,Batter,13000000,PBKS,2014,Indian
Hanuma Vihari,Batter,1000000,SRH,2015,Indian
Hanuma Vihari,Batter,20000000,DC,2019,Indian
Harbhajan Singh,Bowler,20000000,CSK,2018,Indian
Harbhajan Singh,Bowler,20000000,KKR,2021,Indian
Hardik Pandya,All-Rounder,1000000,MI,2015,Indian
Hardus Viljoen,Bowler,7500000,PBKS,2019,Overseas
Harpreet Brar,All-Rounder,2000000,PBKS,2019,Indian
Harpreet Brar,All-Rounder,38000000,PBKS,2022,Indian
Harry Gurney,Bowler,7500000,KKR,2019,Overseas
Harshal Patel,Bowler,4000000,RCB,2014,Indian
Harshal Patel,All-Rounder,2000000,DC,2018,Indian
Harshal Patel,All-Rounder,107500000,RCB,2022,Indian
Heinrich Klaasen,Batter,5000000,RCB,2019,Overseas
Himmat Singh,Batter,6500000,RCB,2019,Indian
Hrithik Shokeen,All-Rounder,2000000,MI,2022,Indian
HS Sharath,Bowler,1000000,DC,2014,Indian
Imran Tahir,Bowler,10000000,CSK,2018,Overseas
Iqbal Abdullah,All-Rounder,6500000,RR,2014,Indian
Iqbal Abdullah,All-Rounder,1000000,RCB,2016,Indian
Irfan Pathan,All-Rounder,24000000,SRH,2014,Indian
Irfan Pathan,All-Rounder,15000000,CSK,2015,Indian
Irfan Pathan,All-Rounder,10000000,RPSG,2016,Indian
Ishan Kishan,Batter,3500000,GL,2016,Indian
Ishan Kishan,Batter,62000000,MI,2018,Indian
Ishan Kishan,Batter,152500000,MI,2022,Indian
Ishan Porel,Bowler,2500000,PBKS,2022,Indian
Ishan Porel,Bowler,2000000,PBKS,,Indian
Ishank Jaggi,Batter,1000000,KKR,2017,Indian
Ishank Jaggi,Batter,2000000,KKR,2018,Indian
Ishant Sharma,Bowler,26000000,SRH,2014,Indian
Ishant Sharma,Bowler,38000000,RPSG,2016,Indian
Ishant Sharma,Bowler,11000000,DC,2019,Indian
Ishwar Chandra Pandey,Bowler,15000000,CSK,2014,Indian
Ishwar Chandra Pandey,Bowler,2000000,RPSG,2016,Indian
Isuru Udana,All-Rounder,5000000,RCB,2020,Overseas
J Suchith,Bowler,3000000,SRH,2021,Indian
J Suchith,All-Rounder,1000000,MI,2015,Indian
Jacob Oram,All-Rounder,3750000,MI,2013,Overseas
Jacques Kallis,All-Rounder,55000000,KKR,2014,Overseas
Jagadeesha Suchith,Bowler,2000000,SRH,2022,Indian
Jalaj Saxena,All-Rounder,9000000,MI,2014,Indian
Jalaj Saxena,All-Rounder,1000000,RCB,2015,Indian
Jalaj Saxena,All-Rounder,2000000,DC,2019,Indian
Jalaj Saxena,All-Rounder,3000000,PBKS,2021,Indian
James Faulkner,All-Rounder,30000000,RR,2013,Overseas
James Neesham,All-Rounder,10000000,DC,2014,Overseas
James Neesham,All-Rounder,5000000,KKR,2015,Overseas
James Neesham,All-Rounder,5000000,PBKS,2020,Overseas
James Neesham,All-Rounder,5000000,MI,2021,Overseas
James Neesham,All-Rounder,15000000,RR,2022,Overseas
Jaskaran Singh,Bowler,1000000,RPSG,2016,Indian
Jason Behrendorff,Bowler,15000000,MI,2018,Overseas
Jason Behrendorff,Bowler,7500000,RCB,2022,Overseas
Jason Holder,Bowler,1500000,CSK,2013,Overseas
Jason Holder,Bowler,7500000,SRH,2014,Overseas
Jason Holder,All-Rounder,7000000,KKR,2016,Overseas
Jason Holder,All-Rounder,87500000,LSG,2022,Overseas
Jason Roy,Batter,10000000,GL,2017,Overseas
Jason Roy,Batter,15000000,DC,2018,Overseas
Jason Roy,Batter,15000000,DC,2020,Overseas
Jason Roy,Batter,20000000,GT,2022,Overseas
Jasprit Bumrah,Bowler,12000000,MI,2014,Indian
Jatin Saxena,All-Rounder,2000000,RR,2018,Indian
Javon Searless,All-Rounder,3000000,KKR,2018,Indian
Jayant Yadav,All-Rounder,1000000,DC,2014,Indian
Jayant Yadav,All-Rounder,5000000,DC,2018,Indian
Jayant Yadav,All-Rounder,17000000,GT,2022,Indian
Jaydev Shah,All-Rounder,2000000,GL,2016,Indian
Jaydev Unadkat,Bowler,39375000,RCB,2013,Indian
Jaydev Unadkat,Bowler,28000000,DC,2014,Indian
Jaydev Unadkat,Bowler,11000000,DC,2015,Indian
Jaydev Unadkat,Bowler,16000000,KKR,2016,Indian
Jaydev Unadkat,Bowler,3000000,RPSG,2017,Indian
Jaydev Unadkat,Bowler,115000000,RR,2018,Indian
Jaydev Unadkat,Bowler,84000000,RR,2019,Indian
Jaydev Unadkat,Bowler,30000000,RR,2020,Indian
Jaydev Unadkat,Bowler,13000000,MI,2022,Indian
Jean-Paul Duminy,Batter,22000000,DC,2014,Overseas
Jean-Paul Duminy,All-Rounder,10000000,MI,2018,Overseas
Jeevan Mendis,All-Rounder,3750000,DC,2013,Overseas
Jesse Ryder,All-Rounder,19500000,DC,2013,Overseas
Jhye Richardson,Bowler,140000000,PBKS,2021,Overseas
Jitesh Sharma,Batter,1000000,MI,2016,Indian
Jitesh Sharma,Batter,2000000,PBKS,2022,Indian
Joe Denly,Batter,10000000,KKR,2019,Overseas
Joel Paris,Bowler,3000000,DC,2016,Overseas
Jofra Archer,All-Rounder,72000000,RR,2018,Overseas
Jofra Archer,All-Rounder,80000000,MI,2022,Overseas
Johan Botha,All-Rounder,33750000,DC,2013,Overseas
John Hastings,All-Rounder,5000000,CSK,2014,Overseas
John Hastings,Bowler,13000000,KKR,2016,Overseas
Jonny Bairstow,Batter,22000000,SRH,2019,Overseas
Jonny Bairstow,Batter,67500000,PBKS,2022,Overseas
Jos Buttler,Batter,38000000,MI,2016,Overseas
Jos Buttler,Batter,44000000,RR,2018,Overseas
Josh Hazlewood,Bowler,5000000,MI,2014,Overseas
Josh Hazlewood,Bowler,20000000,CSK,2020,Overseas
Josh Hazlewood,Bowler,77500000,RCB,2022,Overseas
Joshua Philippe,Batter,2000000,RCB,2020,Overseas
Juan Theron,Bowler,3000000,RR,2015,Overseas
Krishnappa Gowtham,All-Rounder,9000000,LSG,2022,Indian
K.Bhagath Varma,All-Rounder,2000000,CSK,2021,Indian
K.Bhagath Varma,All-Rounder,2000000,CSK,2022,Indian
K.C Cariappa,Bowler,2000000,RR,2021,Indian
K.C Cariappa,Bowler,3000000,RR,2022,Indian
K.C. Cariappa,Bowler,24000000,KKR,2015,Indian
K.C. Cariappa,Bowler,8000000,PBKS,2016,Indian
K.K. Jiyaz,Bowler,1000000,DC,2015,Indian
K.M. Asif,Bowler,2000000,CSK,2022,Indian
K.S. Bharat,Batter,20000000,DC,2022,Indian
Kagiso Rabada,Bowler,50000000,DC,2017,Overseas
Kagiso Rabada,Bowler,42000000,DC,2018,Overseas
Kagiso Rabada,Bowler,92500000,PBKS,2022,Overseas
Kamlesh Nagarkoti,All-Rounder,32000000,KKR,2018,Indian
Kamlesh Nagarkoti,All-Rounder,11000000,DC,2022,Indian
Kane Richardson,Bowler,52500000,PWI,2013,Overseas
Kane Richardson,Bowler,10000000,RR,2014,Overseas
Kane Richardson,Bowler,20000000,RCB,2016,Overseas
Kane Richardson,Bowler,40000000,RCB,2020,Overseas
Kane Williamson,All-Rounder,6000000,SRH,2015,Overseas
Kane Williamson,Batter,30000000,SRH,2018,Overseas
Kanishk Seth,All-Rounder,2000000,CSK,2018,Indian
Karan Sharma,All-Rounder,2000000,LSG,2022,Indian
Karanveer Singh,All-Rounder,1000000,PBKS,2014,Indian
Karn Sharma,Bowler,37500000,SRH,2014,Indian
Karn Sharma,All-Rounder,32000000,MI,2017,Indian
Karn Sharma,Bowler,50000000,CSK,2018,Indian
Karn Sharma,Bowler,5000000,RCB,2022,Indian
Kartik Tyagi,Bowler,13000000,RR,2020,Indian
Kartik Tyagi,Bowler,40000000,SRH,2022,Indian
Karun Nair,Batter,7500000,RR,2014,Indian
Karun Nair,Batter,40000000,DC,2016,Indian
Karun Nair,Batter,56000000,PBKS,2018,Indian
Karun Nair,Batter,5000000,KKR,2021,Indian
Karun Nair,Batter,14000000,RR,2022,Indian
Kedar Jadhav,Batter,20000000,DC,2014,Indian
Kedar Jadhav,All-Rounder,78000000,CSK,2018,Indian
Kedar Jadhav,All-Rounder,20000000,SRH,2021,Indian
Keemo Paul,All-Rounder,5000000,DC,2019,Overseas
Kevin Pietersen,Batter,90000000,DC,2014,Overseas
Kevin Pietersen,Batter,20000000,SRH,2015,Overseas
Kevin Pietersen,Batter,35000000,RPSG,2016,Overseas
Kevon Cooper,All-Rounder,3000000,RR,2014,Overseas
Kieron Pollard,All-Rounder,54000000,MI,2018,Overseas
Kishore Pramod Kamath,All-Rounder,14000000,MI,2016,Indian
KL Rahul,Batter,10000000,SRH,2014,Indian
KL Rahul,Batter,110000000,PBKS,2018,Indian
Kona Srikar Bharat,Batter,1000000,DC,2015,Indian
Kona Srikar Bharat,Batter,2000000,RCB,2021,Indian
Krishnappa Gowtham,All-Rounder,20000000,MI,2017,Indian
Krishnappa Gowtham,Bowler,62000000,RR,2018,Indian
Krishnappa Gowtham,All-Rounder,92500000,CSK,2021,Indian
Krismar Santokie,Bowler,3000000,MI,2014,Overseas
Krunal Pandya,All-Rounder,20000000,MI,2016,Indian
Krunal Pandya,All-Rounder,88000000,MI,2018,Indian
Krunal Pandya,All-Rounder,82500000,LSG,2022,Indian
Kshitiz Sharma,All-Rounder,2000000,CSK,2018,Indian
Kuldeep Sen,Bowler,2000000,RR,2022,Indian
Kuldeep Yadav,Bowler,4000000,KKR,2014,Indian
Kuldeep Yadav,Bowler,58000000,KKR,2018,Indian
Kuldeep Yadav,Bowler,20000000,DC,2022,Indian
Kuldip Yadav,Bowler,2000000,RR,2021,Indian
Kuldip Yadav,Bowler,2000000,RR,2022,Indian
Kulwant Khejroliya,Bowler,1000000,MI,2017,Indian
Kulwant Khejroliya,Bowler,8500000,RCB,2018,Indian
Kusal Janith Perera,Batter,1500000,RR,2013,Indian
Kyle Abbott,Bowler,3000000,CSK,2015,Overseas
Kyle Abbott,Bowler,21000000,PBKS,2016,Overseas
Kyle Jamieson,All-Rounder,150000000,RCB,2021,Overseas
Kyle Mayers,All-Rounder,5000000,LSG,2022,Overseas
Lakshmipathy Balaji,Bowler,18000000,PBKS,2014,Indian
Lalit Yadav,All-Rounder,2000000,DC,2020,Indian
Lalit Yadav,All-Rounder,6500000,DC,2022,Indian
Lasith Malinga,Bowler,20000000,MI,2019,Overseas
Laxmi Ratan Shukla,All-Rounder,15000000,DC,2014,Indian
Laxmi Ratan Shukla,All-Rounder,3000000,SRH,2015,Indian
Liam Livingstone,All-Rounder,5000000,RR,2019,Overseas
Liam Livingstone,All-Rounder,7500000,RR,2021,Overseas
Liam Livingstone,All-Rounder,115000000,PBKS,2022,Overseas
Lockie Ferguson,Bowler,5000000,RPSG,2017,Overseas
Lockie Ferguson,Bowler,16000000,KKR,2019,Overseas
Lockie Ferguson,Bowler,100000000,GT,2022,Overseas
Luke Pomersbach,Batter,22500000,PBKS,2013,Overseas
Lukman Hussain Meriwala,Bowler,2000000,DC,2021,Indian
Lungisani Ngidi,Bowler,5000000,CSK,2018,Overseas
Lungisani Ngidi,Bowler,5000000,DC,2022,Overseas
Luvnith Sisodia,Batter,2000000,RCB,2022,Indian
M Siddharth,Bowler,2000000,KKR,2020,Indian
M Siddharth,Bowler,2000000,DC,2021,Indian
M. Ashwin,Bowler,45000000,RPSG,2016,Indian
M. Ashwin,Bowler,10000000,DC,2017,Indian
M. Ashwin,Bowler,22000000,RCB,2018,Indian
M. Ashwin,Bowler,2000000,PBKS,2019,Indian
M. Harisankar Reddy,Bowler,2000000,CSK,2021,Indian
Washington Sundar,All-Rounder,32000000,RCB,2018,Indian
Maheesh Theekshana,Bowler,7000000,CSK,2022,Overseas
Mahipal Lomror,All-Rounder,1000000,DC,2016,Indian
Mahipal Lomror,All-Rounder,2000000,RR,2018,Indian
Mahipal Lomror,All-Rounder,9500000,RCB,2022,Indian
Manan Ajay Sharma,All-Rounder,1000000,KKR,2016,Indian
Manan Vohra,Batter,11000000,RCB,2018,Indian
Manan Vohra,Batter,2000000,RR,2019,Indian
Manan Vohra,Batter,2000000,LSG,2022,Indian
Mandeep Hardev Singh,All-Rounder,8000000,PBKS,2014,Indian
Mandeep Singh,All-Rounder,14000000,RCB,2018,Indian
Mandeep Singh,Batter,11000000,DC,2022,Indian
Manish Pandey,Batter,17000000,KKR,2014,Indian
Manish Pandey,Batter,110000000,SRH,2018,Indian
Manish Pandey,Batter,46000000,LSG,2022,Indian
Manjot Kalra,Batter,2000000,DC,2018,Indian
Manoj Tiwary,Batter,28000000,DC,2014,Indian
Manoj Tiwary,Batter,5000000,RPSG,2017,Indian
Manoj Tiwary,Batter,10000000,PBKS,2018,Indian
Manpreet Gony,Bowler,37500000,PBKS,2013,Indian
Manpreet Gony,Bowler,6000000,GL,2017,Indian
Manprit Juneja,Batter,1000000,SRH,2014,Indian
Manvinder Bisla,Batter,6000000,KKR,2014,Indian
Manzoor Dar,All-Rounder,2000000,PBKS,2018,Indian
Marchant De Lange,Bowler,3000000,MI,2014,Overseas
Marco Jansen,All-Rounder,2000000,MI,2021,Overseas
Marco Jansen,All-Rounder,42000000,SRH,2022,Overseas
Marcus Stoinis,All-Rounder,2500000,DC,2015,Overseas
Marcus Stoinis,All-Rounder,5500000,PBKS,2016,Overseas
Marcus Stoinis,All-Rounder,62000000,PBKS,2018,Overseas
Marcus Stoinis,All-Rounder,48000000,DC,2020,Overseas
Mark Wood,Bowler,15000000,CSK,2018,Overseas
Mark Wood,Bowler,75000000,LSG,2022,Overseas
Martin Guptill,Batter,5000000,PBKS,2017,Overseas
Martin Guptill,Batter,10000000,SRH,2019,Overseas
Matt Henry,Bowler,3000000,CSK,2014,Overseas
Matt Henry,Bowler,5000000,PBKS,2017,Overseas
Matthew Wade,Batter,24000000,GT,2022,Overseas
Mayank Agarwal,Batter,16000000,DC,2014,Indian
Mayank Agarwal,Batter,10000000,PBKS,2018,Indian
Mayank Dagar,All-Rounder,2000000,PBKS,2018,Indian
Mayank Markande,Bowler,2000000,MI,2018,Indian
Mayank Markande,Bowler,6500000,MI,2022,Indian
Mayank Yadav,Bowler,2000000,LSG,2022,Indian
Michael Clarke,Batter,30000000,PWI,2013,Overseas
Michael Hussey,Batter,50000000,MI,2014,Overseas
Michael Hussey,Batter,15000000,CSK,2015,Overseas
Midhun S,All-Rounder,2000000,RR,2018,Indian
Milind Kumar,Batter,1000000,DC,2014,Indian
Milind Kumar,All-Rounder,2000000,RCB,2019,Indian
Milind Tandon,All-Rounder,1000000,RPSG,2017,Indian
Mitchell Johnson,All-Rounder,65000000,PBKS,2014,Overseas
Mitchell Johnson,Bowler,20000000,MI,2017,Overseas
Mitchell Johnson,Bowler,20000000,KKR,2018,Overseas
Mitchell Marsh,All-Rounder,48000000,RPSG,2016,Overseas
Mitchell Marsh,All-Rounder,20000000,SRH,2020,Overseas
Mitchell Marsh,All-Rounder,65000000,DC,2022,Overseas
Mitchell McClenaghan,Bowler,3000000,MI,2015,Overseas
Mitchell Santner,All-Rounder,5000000,CSK,2018,Overseas
Mitchell Santner,All-Rounder,19000000,CSK,2022,Overseas
Mitchell Starc,Bowler,50000000,RCB,2014,Overseas
Mitchell Starc,Bowler,94000000,KKR,2018,Overseas
Mithun Manhas,All-Rounder,3000000,CSK,2014,Indian
Moeen Ali,All-Rounder,17000000,RCB,2018,Overseas
Moeen Ali,All-Rounder,70000000,CSK,2021,Overseas
Mohammad Nabi,All-Rounder,3000000,SRH,2017,Overseas
Mohammad Nabi,All-Rounder,10000000,SRH,2018,Overseas
Mohammad Nabi,All-Rounder,10000000,KKR,2022,Overseas
Mohammad Shami,Bowler,42500000,DC,2014,Indian
Mohammad Shami,Bowler,30000000,DC,2018,Indian
Mohammad Shami,Bowler,48000000,PBKS,2019,Indian
Mohammad Shami,Bowler,62500000,GT,2022,Indian
Mohammed Azharudeen,Batter,2000000,RCB,2021,Indian
Mohammed Siraj,Bowler,26000000,SRH,2017,Indian
Mohammed Siraj,Bowler,26000000,RCB,2018,Indian
Mohd. Arshad Khan,All-Rounder,2000000,MI,2022,Indian
Mohit Sharma,Bowler,20000000,CSK,2014,Indian
Mohit Sharma,Bowler,65000000,PBKS,2016,Indian
Mohit Sharma,Bowler,24000000,PBKS,2018,Indian
Mohit Sharma,Bowler,50000000,CSK,2019,Indian
Mohit Sharma,Bowler,5000000,DC,2020,Indian
Mohsin Khan,Bowler,2000000,MI,2018,Indian
Mohsin Khan,Bowler,2000000,MI,2020,Indian
Mohsin Khan,Bowler,2000000,LSG,2022,Indian
Moises Henriques,All-Rounder,22500000,RCB,2013,Overseas
Moises Henriques,All-Rounder,10000000,SRH,2014,Overseas
Moises Henriques,All-Rounder,10000000,PBKS,2019,Overseas
Moises Henriques,All-Rounder,42000000,PBKS,2021,Overseas
Monu Singh,Bowler,2000000,CSK,2018,Indian
Morne Morkel,Bowler,28000000,KKR,2014,Overseas
Mujeeb Zadran,Bowler,40000000,PBKS,2018,Overseas
Mujeeb Zadran,Bowler,15000000,SRH,2021,Overseas
Mukesh Choudhary,Bowler,2000000,CSK,2022,Indian
Munaf Patel,Bowler,3000000,GL,2017,Indian
Murali Kartik,Bowler,10000000,PBKS,2014,Indian
Murali Vijay,Batter,50000000,DC,2014,Indian
Murali Vijay,Batter,30000000,PBKS,2015,Indian
Murali Vijay,Batter,20000000,CSK,2018,Indian
Murugan Ashwin,Bowler,16000000,MI,2022,Indian
Mustafizur Rahman,Bowler,14000000,SRH,2016,Overseas
Mustafizur Rahman,Bowler,22000000,MI,2018,Overseas
Mustafizur Rahman,Bowler,10000000,RR,2021,Overseas
Mustafizur Rahman,Bowler,20000000,DC,2022,Overseas
Muttiah Muralitharan,Bowler,10000000,RCB,2014,Overseas
N Jagadeesan,Batter,2000000,CSK,2018,Indian
N. Jagadeesan,Batter,2000000,CSK,2022,Indian
N. Tilak Varma,All-Rounder,17000000,MI,2022,Indian
Naman Ojha,Batter,5000000,SRH,2014,Indian
Naman Ojha,Batter,14000000,DC,2018,Indian
Nathan Coulter-Nile,Bowler,33750000,MI,2013,Overseas
Nathan Coulter-Nile,Bowler,42500000,DC,2014,Overseas
Nathan Coulter-Nile,Bowler,35000000,KKR,2017,Overseas
Nathan Coulter-Nile,Bowler,22000000,RCB,2018,Overseas
Nathan Coulter-Nile,Bowler,80000000,MI,2020,Overseas
Nathan Coulter-Nile,Bowler,50000000,MI,2021,Overseas
Nathan Coulter-Nile,Bowler,20000000,RR,2022,Overseas
Nathan Ellis,Bowler,7500000,PBKS,2022,Overseas
Nathan McCullum,Bowler,7500000,SRH,2013,Overseas
Nathu Singh,Bowler,32000000,MI,2016,Indian
Nathu Singh,Bowler,5000000,GL,2017,Indian
Nathu Singh,Bowler,2000000,DC,2019,Indian
Navdeep Saini,Bowler,1000000,DC,2017,Indian
Navdeep Saini,Bowler,30000000,RCB,2018,Indian
Navdeep Saini,Bowler,26000000,RR,2022,Indian
Nic Maddinson,Batter,5000000,RCB,2014,Overseas
Nicolas Pooran,Batter,107500000,SRH,2022,Overseas
Nicolas Pooran,Batter,3000000,MI,2017,Overseas
Nicolas Pooran,Batter,42000000,PBKS,2019,Overseas
Nidheesh M D Dinesan,Bowler,2000000,MI,2018,Indian
Nikhil Shankar Naik,Batter,3000000,PBKS,2015,Indian
Nikhil Shankar Naik,Batter,2000000,KKR,2019,Indian
Nikhil Shankar Naik,Batter,2000000,KKR,2020,Indian
Nitish Rana,All-Rounder,1000000,MI,2015,Indian
Nitish Rana,All-Rounder,34000000,KKR,2018,Indian
Nitish Rana,All-Rounder,80000000,KKR,2022,Indian
Noor Ahmad,Bowler,3000000,GT,2022,Overseas
Obed Mccoy,Bowler,7500000,RR,2022,Overseas
Odean Smith,All-Rounder,60000000,PBKS,2022,Overseas
Oshane Thomas,Bowler,11000000,RR,2019,Overseas
Oshane Thomas,Bowler,5000000,RR,2020,Overseas
Pankaj Jaswal,All-Rounder,2000000,MI,2019,Overseas
Pankaj Singh,Bowler,11250000,RCB,2013,Indian
Paras Dogra,Batter,1000000,GL,2016,Indian
Pardeep Sahu,All-Rounder,1000000,RR,2015,Indian
Pardeep Sahu,All-Rounder,1000000,PBKS,2016,Indian
Pardeep Sahu,Bowler,2000000,PBKS,2018,Indian
Parthiv Patel,Batter,14000000,RCB,2014,Indian
Parthiv Patel,Batter,17000000,RCB,2018,Indian
Parveez Rasool,All-Rounder,9500000,SRH,2014,Indian
Parvinder Awana,Bowler,6500000,PBKS,2014,Indian
Pat Cummins,Bowler,54000000,MI,2018,Overseas
Pat Cummins,All-Rounder,155000000,KKR,2020,Overseas
Pat Cummins,All-Rounder,72500000,KKR,2022,Overseas
Pat Cummins,Bowler,10000000,KKR,2014,Overseas
Pat Cummins,Bowler,45000000,DC,2017,Overseas
Pavan Deshpande,All-Rounder,2000000,RCB,2018,Indian
Pavan Deshpande,All-Rounder,2000000,RCB,2020,Indian
Pawan Negi,Bowler,1000000,CSK,2014,Indian
Pawan Negi,All-Rounder,85000000,DC,2016,Indian
Pawan Negi,All-Rounder,10000000,RCB,2017,Indian
Pawan Negi,All-Rounder,10000000,RCB,2018,Indian
Pawan Negi,All-Rounder,5000000,KKR,2021,Indian
Pawan Suyal,Bowler,1000000,MI,2014,Indian
Pawan Suyal,Bowler,1000000,DC,2016,Indian
Peter Handscomb,Batter,3000000,RPSG,2016,Overseas
Philip Hughes,Batter,7500000,MI,2013,Overseas
Piyush Chawla,Bowler,42500000,KKR,2014,Indian
Piyush Chawla,Bowler,42000000,KKR,2018,Indian
Piyush Chawla,Bowler,67500000,CSK,2020,Indian
Piyush Chawla,Bowler,24000000,MI,2021,Indian
Prabhsimran Singh,Batter,48000000,PBKS,2019,Indian
Prabhsimran Singh,Batter,5500000,PBKS,2020,Indian
Prabhsimran Singh,Batter,6000000,PBKS,2022,Indian
Pradeep Sangwan,All-Rounder,2000000,GL,2016,Indian
Pradeep Sangwan,Bowler,15000000,MI,2018,Indian
Pradeep Sangwan,All-Rounder,2000000,GT,2022,Indian
Pragyan Ojha,Bowler,32500000,MI,2014,Indian
Pragyan Ojha,Bowler,5000000,MI,2015,Indian
Prasanth Padmanabhan,All-Rounder,1000000,SRH,2015,Indian
Prasanth Parameswaran,Bowler,3000000,SRH,2014,Indian
Prashant Chopra,Batter,2000000,RR,2018,Indian
Prashant Solanki,Bowler,12000000,CSK,2022,Indian
Prasidh Krishna,Bowler,100000000,RR,2022,Indian
Pratham Singh,All-Rounder,1000000,GL,2017,Indian
Pratham Singh,Batter,2000000,KKR,2022,Indian
Pratyush Singh,All-Rounder,1000000,CSK,2015,Indian
Pratyush Singh,All-Rounder,1000000,DC,2016,Indian
Praveen Dubey,All-Rounder,3500000,RCB,2016,Indian
Praveen Dubey,All-Rounder,1000000,RCB,2017,Indian
Praveen Kumar,Bowler,22000000,SRH,2015,Indian
Praveen Kumar,Bowler,35000000,GL,2016,Indian
Pravin Dubey,All-Rounder,5000000,DC,2022,Indian
Pravin Tambe,Bowler,1000000,RR,2014,Indian
Pravin Tambe,Bowler,2000000,GL,2016,Indian
Pravin Tambe,Bowler,1000000,SRH,2017,Indian
Pravin Tambe,Bowler,2000000,KKR,2020,Indian
Prayas Ray Barman,All-Rounder,15000000,RCB,2019,Indian
Prerak Mankad,All-Rounder,2000000,PBKS,2022,Indian
Prince Balwant Rai Singh,All-Rounder,2000000,MI,2020,Indian
Prithvi Raj Yarra,Bowler,2000000,KKR,2019,Indian
Prithvi Shaw,Batter,12000000,DC,2018,Indian
Priyam Garg,Batter,19000000,SRH,2020,Indian
Priyam Garg,Batter,2000000,SRH,2022,Indian
Quinton De Kock,Batter,1500000,SRH,2013,Overseas
Quinton De Kock,Batter,35000000,DC,2014,Overseas
Quinton De Kock,Batter,28000000,RCB,2018,Overseas
Quinton De Kock,Batter,67500000,LSG,2022,Overseas
R Samarth,Batter,2000000,SRH,2022,Indian
R. Ashwin,All-Rounder,50000000,RR,2022,Indian
R. Sai Kishore,Bowler,2000000,CSK,2020,Indian
R. Sai Kishore,Bowler,30000000,GT,2022,Indian
R. Sanjay Yadav,All-Rounder,1000000,KKR,2017,Indian
Rahul Ajay Tripathi,All-Rounder,1000000,RPSG,2017,Indian
Rahul Buddhi,Batter,2000000,MI,2022,Indian
Rahul Chahar,Bowler,1000000,RPSG,2017,Indian
Rahul Chahar,Bowler,19000000,MI,2018,Indian
Rahul Chahar,Bowler,52500000,PBKS,2022,Indian
Rahul Sharma,Bowler,19000000,DC,2014,Indian
Rahul Sharma,Bowler,3000000,CSK,2015,Indian
Rahul Shukla,Bowler,4000000,DC,2014,Indian
Rahul Tewatia,All-Rounder,1000000,RR,2014,Indian
Rahul Tewatia,All-Rounder,2500000,PBKS,2017,Indian
Rahul Tewatia,All-Rounder,30000000,DC,2018,Indian
Rahul Tewatia,All-Rounder,90000000,GT,2022,Indian
Rahul Tripathi,Batter,34000000,RR,2018,Indian
Rahul Tripathi,Batter,6000000,KKR,2020,Indian
Rahul Tripathi,Batter,85000000,SRH,2022,Indian
Raj Angad Bawa,All-Rounder,20000000,PBKS,2022,Indian
Rajagopal Sathish,All-Rounder,2000000,KKR,2016,Indian
Rajat Bhatia,All-Rounder,17000000,RR,2014,Indian
Rajat Bhatia,All-Rounder,6000000,RPSG,2016,Indian
Rajat Patidar,Batter,2000000,RCB,2021,Indian
Rajvardhan Hangargekar,All-Rounder,15000000,CSK,2022,Indian
Ramandeep Singh,All-Rounder,2000000,MI,2022,Indian
Ramesh Kumar,Batter,2000000,KKR,2022,Indian
Ranganath Vinay Kumar,Bowler,28000000,KKR,2014,Indian
Ranganath Vinay Kumar,Bowler,10000000,KKR,2018,Indian
Rashid Khan Arman,Bowler,40000000,SRH,2017,Overseas
Rashid Khan Arman,Bowler,90000000,SRH,2018,Overseas
Rasikh Dar,Bowler,2000000,MI,2019,Indian
Rasikh Dar,Bowler,2000000,KKR,2022,Indian
Rassie Van Der Dussen,Batter,10000000,RR,2022,Overseas
Ravi Bishnoi,Bowler,20000000,PBKS,2020,Indian
Ravi Bopara,All-Rounder,10000000,SRH,2015,Indian
Ravi Rampaul,Bowler,21750000,RCB,2013,Overseas
Ravi Rampaul,Bowler,9000000,RCB,2014,Overseas
Ravichandran Ashwin,All-Rounder,76000000,PBKS,2018,Overseas
Ricky Bhui,Batter,1000000,SRH,2014,Overseas
Ricky Bhui,Batter,2000000,SRH,2018,Overseas
Ricky Ponting,Batter,30000000,MI,2013,Overseas
Riley Meredith,Bowler,80000000,PBKS,2021,Overseas
Riley Meredith,Bowler,10000000,MI,2022,Overseas
Rinku Singh,Batter,1000000,PBKS,2017,Indian
Rinku Singh,Batter,8000000,KKR,2018,Indian
Rinku Singh,Batter,5500000,KKR,2022,Indian
Ripal Patel,All-Rounder,2000000,DC,2021,Indian
Ripal Patel,All-Rounder,2000000,DC,2022,Indian
Rishabh Pant,Batter,19000000,DC,2016,Indian
Rishi Dhawan,All-Rounder,30000000,PBKS,2014,Indian
Rishi Dhawan,All-Rounder,5500000,KKR,2017,Indian
Rishi Dhawan,All-Rounder,5500000,PBKS,2022,Indian
Riyan Parag,All-Rounder,2000000,RR,2019,Indian
Riyan Parag,All-Rounder,38000000,RR,2022,Indian
Robin Uthappa,Batter,50000000,KKR,2014,Indian
Robin Uthappa,Batter,64000000,KKR,2018,Indian
Robin Uthappa,Batter,30000000,RR,2020,Indian
Robin Uthappa,Batter,20000000,CSK,2022,Indian
Romario Shepherd,All-Rounder,77500000,SRH,2022,Overseas
Ronit More,Bowler,1000000,CSK,2014,Indian
Ross Taylor,Batter,20000000,DC,2014,Overseas
Rovman Powell,All-Rounder,3000000,KKR,2017,Overseas
Rovman Powell,Batter,28000000,DC,2022,Overseas
Rudra Pratap Singh,Bowler,30000000,RCB,2013,Indian
Rudra Pratap Singh,Bowler,3000000,RPSG,2016,Indian
Ruturaj Gaikwad,Batter,2000000,CSK,2019,Indian
Ryan McLaren,Bowler,3750000,KKR,2013,Overseas
Ryan Ten Doeschate,All-Rounder,10000000,KKR,2014,Overseas
Sachin Baby,Batter,1000000,RCB,2016,Indian
Sachin Baby,Batter,2000000,SRH,2018,Indian
Sachin Baby,Batter,2000000,RCB,2021,Indian
Sachin Rana,Bowler,2000000,RCB,2014,Indian
Sachithra Senanayaka,All-Rounder,46875000,KKR,2013,Overseas
Sagar Trivedi,All-Rounder,1000000,RR,2015,Indian
Sam Billings,Batter,3000000,DC,2016,Overseas
Sam Billings,Batter,10000000,CSK,2018,Overseas
Sam Billings,Batter,20000000,DC,2021,Overseas
Sam Billings,Batter,20000000,KKR,2022,Overseas
Sam Curran,All-Rounder,72000000,PBKS,2019,Overseas
Sam Curran,All-Rounder,55000000,CSK,2020,Overseas
Samuel Badree,Bowler,3000000,CSK,2014,Overseas
Samuel Badree,Bowler,5000000,RCB,2016,Overseas
Sandeep Bavanaka,All-Rounder,2000000,SRH,2020,Overseas
Sandeep Lamichhane,Bowler,2000000,DC,2018,Overseas
Sandeep Sharma,Bowler,8500000,PBKS,2014,Indian
Sandeep Sharma,Bowler,30000000,SRH,2018,Indian
Sandeep Sharma,Bowler,5000000,PBKS,2022,Indian
Sandeep Warrier,Bowler,1000000,RCB,2014,Indian
Sanjay Yadav,All-Rounder,2000000,SRH,2020,Indian
Sanjay Yadav,All-Rounder,5000000,MI,2022,Indian
Sanju Samson,Batter,42000000,DC,2016,Indian
Sanju Samson,Batter,80000000,RR,2018,Indian
Sarabjit Ladda,Bowler,1000000,GL,2016,Indian
Sarfaraz Khan,All-Rounder,2000000,DC,2022,Indian
Sarfaraz Naushad Khan,Batter,5000000,RCB,2015,Indian
Sarfaraz Naushad Khan,All-Rounder,2500000,PBKS,2019,Indian
Saurabh Dubey,Bowler,2000000,SRH,2022,Indian
Saurabh Kumar,Bowler,1000000,RPSG,2017,Indian
Saurabh Kumar,All-Rounder,2000000,PBKS,2021,Indian
Saurabh Tiwary,Batter,7000000,DC,2014,Indian
Saurabh Tiwary,Batter,3000000,MI,2017,Indian
Saurabh Tiwary,Batter,8000000,MI,2018,Indian
Saurabh Tiwary,Batter,5000000,MI,2020,Indian
Sayan Ghosh,Bowler,1000000,KKR,2017,Indian
Sayan Ghosh,Bowler,2000000,DC,2018,Indian
Sayan Sekhar Mandal,All-Rounder,1000000,KKR,2014,Indian
Scott Boland,Bowler,5000000,RPSG,2016,Overseas
Sean Abbott,Bowler,10000000,RCB,2015,Overseas
Sean Abbott,Bowler,24000000,SRH,2022,Overseas
Shadab Jakati,Bowler,2000000,RCB,2014,Indian
Shadab Jakati,All-Rounder,2000000,GL,2016,Indian
Shahbaz Ahamad,Batter,2000000,RCB,2020,Indian
Shahbaz Ahamad,All-Rounder,24000000,RCB,2022,Indian
Shahbaz Nadeem,Bowler,8500000,DC,2014,Indian
Shahbaz Nadeem,Bowler,32000000,DC,2018,Indian
Shahbaz Nadeem,Bowler,5000000,LSG,2022,Indian
Shahrukh Khan,All-Rounder,52500000,PBKS,2021,Indian
Shahrukh Khan,All-Rounder,90000000,PBKS,2022,Indian
Shakib Al Hasan,All-Rounder,28000000,KKR,2014,Overseas
Shakib Al Hasan,All-Rounder,20000000,SRH,2018,Overseas
Shakib Al Hasan,All-Rounder,32000000,KKR,2021,Overseas
Shane Watson,All-Rounder,95000000,RCB,2016,Overseas
Shane Watson,All-Rounder,40000000,CSK,2018,Overseas
Sharad Lumba,Batter,2000000,MI,2018,Indian
Shardul Thakur,Bowler,2000000,PBKS,2014,Indian
Shardul Thakur,Bowler,26000000,CSK,2018,Indian
Shardul Thakur,Bowler,107500000,DC,2022,Indian
Shashank Singh,All-Rounder,1000000,DC,2017,Indian
Shashank Singh,All-Rounder,3000000,RR,2019,Indian
Shashank Singh,All-Rounder,2000000,SRH,2022,Indian
Shaun Marsh,Batter,22000000,PBKS,2014,Overseas
Sheldon Cottrell,Bowler,85000000,PBKS,2020,Overseas
Sheldon Jackson,Batter,1500000,KKR,2015,Indian
Sheldon Jackson,Batter,2000000,KKR,2021,Indian
Sheldon Jackson,Batter,6000000,KKR,2022,Indian
Shelley Shaurya,Bowler,1000000,GL,2017,Indian
Sherfane Rutherford,All-Rounder,20000000,DC,2019,Overseas
Sherfane Rutherford,All-Rounder,10000000,RCB,2022,Overseas
Shikhar Dhawan,Batter,52000000,SRH,2018,Indian
Shikhar Dhawan,Batter,82500000,PBKS,2022,Indian
Shimron Hetmyer,Batter,42000000,RCB,2019,Overseas
Shimron Hetmyer,Batter,77500000,DC,2020,Overseas
Shimron Hetmyer,Batter,85000000,RR,2022,Overseas
Shishir Bhavane,Batter,1000000,RCB,2015,Indian
Shivam Dube,All-Rounder,50000000,RCB,2019,Indian
Shivam Dube,All-Rounder,44000000,RR,2021,Indian
Shivam Dube,All-Rounder,40000000,CSK,2022,Indian
Shivam Mavi,All-Rounder,30000000,KKR,2018,Indian
Shivam Mavi,All-Rounder,72500000,KKR,2022,Indian
Shivam Sharma,Bowler,1000000,PBKS,2014,Indian
Shivil Kaushik,Bowler,1000000,GL,2016,Indian
Shreevats Goswami,Batter,10000000,SRH,2018,Indian
Shreyas Gopal,Bowler,1000000,MI,2014,Indian
Shreyas Gopal,All-Rounder,2000000,RR,2018,Indian
Shreyas Gopal,Bowler,7500000,SRH,2022,Indian
Shreyas Iyer,Batter,26000000,DC,2015,Indian
Shreyas Iyer,Batter,122500000,KKR,2022,Indian
Shrikant Mundhe,All-Rounder,2000000,KKR,2019,Indian
Shubam Agrawal,All-Rounder,1000000,GL,2017,Indian
Shubham Garhwal,All-Rounder,2000000,RR,2022,Indian
Shubham Ranjane,All-Rounder,2000000,RR,2019,Indian
Shubman Gill,Batter,18000000,KKR,2018,Indian
Siddarth Kaul,Bowler,4500000,DC,2014,Indian
Siddarth Kaul,Bowler,1000000,SRH,2015,Indian
Siddarth Kaul,Bowler,38000000,SRH,2018,Indian
Siddharth Kaul,Bowler,7500000,RCB,2022,Indian
Siddhesh Dinesh Lad,All-Rounder,1000000,MI,2015,Indian
Siddhesh Dinesh Lad,Batter,2000000,MI,2018,Indian
Simarjeet Singh,Bowler,2000000,CSK,2022,Indian
Srikkanth Anirudha,Batter,2000000,SRH,2014,Indian
Steven Smith,All-Rounder,40000000,RR,2014,Overseas
Steven Smith,Batter,22000000,DC,2021,Overseas
Stuart Binny,All-Rounder,20000000,RCB,2016,Indian
Stuart Binny,All-Rounder,5000000,RR,2018,Indian
Subhranshu Senapati,Batter,2000000,CSK,2022,Indian
Subramaniam Badrinath,Batter,3000000,RCB,2015,Indian
Sudeep Tyagi,Bowler,7500000,SRH,2013,Indian
Sumit Narwal,All-Rounder,1000000,KKR,2015,Indian
Suryakumar Yadav,Batter,7000000,KKR,2014,Indian
Suryakumar Yadav,Batter,32000000,MI,2018,Indian
Sushant Marathe,Batter,1000000,MI,2014,Indian
Suyash Prabhudesai,All-Rounder,2000000,RCB,2021,Indian
Suyash Prabhudessai,All-Rounder,3000000,RCB,2022,Indian
Swapnil Singh,All-Rounder,1000000,PBKS,2016,Indian
Syed Khaleel Ahmed,All-Rounder,1000000,DC,2016,Indian
Syed Khaleel Ahmed,Bowler,30000000,SRH,2018,Indian
Syed Khaleel Ahmed,Bowler,52500000,DC,2022,Indian
Syed Mehdi Hasan,All-Rounder,2000000,SRH,2018,Indian
T Natarajan,Bowler,30000000,PBKS,2017,Indian
T Natarajan,Bowler,4000000,SRH,2018,Indian
T. Natarajan,Bowler,40000000,SRH,2022,Indian
Tajinder Dhillon,All-Rounder,5500000,MI,2018,Indian
Tajinder Dhillon,All-Rounder,2000000,PBKS,2020,Indian
Tanmay Agarwal,Batter,1000000,SRH,2017,Indian
Tanmay Agarwal,Batter,2000000,SRH,2018,Indian
Tanmay Mishra,Batter,1000000,RCB,2014,Indian
Tejas Baroka,Bowler,2000000,RR,2022,Indian
Tejas Singh Baroka,Bowler,1000000,GL,2017,Indian
Thisara Perera,All-Rounder,50625000,SRH,2013,Overseas
Thisara Perera,All-Rounder,16000000,PBKS,2014,Overseas
Thisara Perera,All-Rounder,10000000,RPSG,2016,Overseas
Tim David,All-Rounder,82500000,MI,2022,Overseas
Tim Seifert,Batter,5000000,DC,2022,Overseas
Tim Southee,Bowler,12000000,RR,2014,Overseas
Tim Southee,Bowler,25000000,MI,2016,Overseas
Tim Southee,Bowler,10000000,RCB,2018,Overseas
Tim Southee,Bowler,15000000,KKR,2022,Overseas
Tirumalasetti Suman,Batter,1000000,SRH,2016,Indian
Tom Banton,Batter,10000000,KKR,2020,Overseas
Tom Curran,All-Rounder,10000000,RR,2020,Overseas
Tom Curran,All-Rounder,52500000,DC,2021,Overseas
Travis Head,Batter,3000000,DC,2015,Overseas
Travis Head,Batter,5000000,RCB,2016,Overseas
Trent Boult,Bowler,38000000,SRH,2015,Overseas
Trent Boult,Bowler,50000000,KKR,2017,Overseas
Trent Boult,Bowler,22000000,DC,2018,Overseas
Trent Boult,Bowler,80000000,RR,2022,Overseas
Tushar Deshpande,Bowler,2000000,DC,2020,Indian
Tushar Deshpande,Bowler,2000000,CSK,2022,Indian
Tymal Mills,Bowler,120000000,RCB,2017,Overseas
Tymal Mills,Bowler,15000000,MI,2022,Overseas
Umang Sharma,Batter,1000000,GL,2016,Indian
Umesh Yadav,Bowler,26000000,KKR,2014,Indian
Umesh Yadav,Bowler,42000000,RCB,2018,Indian
Umesh Yadav,Bowler,10000000,DC,2021,Indian
Umesh Yadav,Bowler,20000000,KKR,2022,Indian
Unmukt Chand,Batter,6500000,RR,2014,Indian
Utkarsh Singh,All-Rounder,2000000,PBKS,2021,Indian
Vaibhav Arora,Bowler,2000000,KKR,2021,Indian
Vaibhav Arora,Bowler,20000000,PBKS,2022,Indian
Vaibhav Rawal,All-Rounder,1000000,KKR,2015,Indian
Varun Aaron,Bowler,20000000,RCB,2014,Indian
Varun Aaron,Bowler,28000000,PBKS,2017,Indian
Varun Aaron,Bowler,24000000,RR,2019,Indian
Varun Aaron,Bowler,5000000,GT,2022,Indian
Varun Chakaravarthy,All-Rounder,84000000,PBKS,2019,Indian
Varun Chakaravarthy,All-Rounder,40000000,KKR,2020,Indian
Veer Pratap Singh,Bowler,4000000,KKR,2014,Indian
Venkatesh Iyer,All-Rounder,2000000,KKR,2021,Indian
Venugopal Rao,Batter,5500000,SRH,2014,Indian
Vicky Ostwal,All-Rounder,2000000,DC,2022,Indian
Vijay Shankar,All-Rounder,1000000,CSK,2014,Indian
Vijay Shankar,All-Rounder,3500000,SRH,2016,Indian
Vijay Shankar,All-Rounder,32000000,DC,2018,Indian
Vijay Shankar,All-Rounder,14000000,GT,2022,Indian
Vijay Zol,Batter,3000000,RCB,2014,Indian
Vikas Tokas,Bowler,1000000,RCB,2016,Indian
Vikramjeet Malik,Bowler,2000000,RR,2014,Indian
Vikramjeet Malik,Bowler,2000000,RCB,2016,Indian
Virat Singh,Batter,19000000,SRH,2020,Indian
Virender Sehwag,Batter,32000000,PBKS,2014,Indian
Vishnu Vinod,Batter,2000000,DC,2021,Indian
Vishnu Vinod,Batter,5000000,SRH,2022,Indian
Wanindu Hasaranga,All-Rounder,107500000,RCB,2022,Overseas
Washington Sundar,All-Rounder,87500000,SRH,2022,Indian
Wayne Parnell,Bowler,10000000,DC,2014,Overseas
Wriddhiman Saha,Batter,22000000,PBKS,2014,Indian
Wriddhiman Saha,Batter,50000000,SRH,2018,Indian
Wriddhiman Saha,Batter,12000000,SRH,2019,Indian
Wriddhiman Saha,Batter,19000000,GT,2022,Indian
Writtick Chatterjee,All-Rounder,2000000,PBKS,2022,Indian
Yash Dayal,Bowler,32000000,GT,2022,Indian
Yash Dhull,All-Rounder,5000000,DC,2022,Indian
Yashasvi Jaiswal,All-Rounder,24000000,RR,2020,Indian
Yogesh Gowalkar,All-Rounder,1000000,PBKS,2015,Indian
Yogesh Takawale,Batter,1000000,RCB,2014,Indian
Yudhvir Charak,All-Rounder,2000000,MI,2021,Indian
Yusuf Pathan,All-Rounder,32500000,KKR,2014,Indian
Yusuf Pathan,All-Rounder,19000000,SRH,2018,Indian
Yuvraj Singh,All-Rounder,140000000,RCB,2014,Indian
Yuvraj Singh,Batter,160000000,DC,2015,Indian
Yuvraj Singh,All-Rounder,70000000,SRH,2016,Indian
Yuvraj Singh,All-Rounder,20000000,PBKS,2018,Indian
Yuvraj Singh,All-Rounder,10000000,MI,2019,Indian
Yuzvendra Chahal,Bowler,65000000,RR,2022,Indian
Yuzvendra Singh Chahal,Bowler,1000000,RCB,2014,Indian
Yuzvendra Singh Chahal,Bowler,60000000,RCB,2018,Indian
Zaheer Khan,Bowler,26000000,MI,2014,Indian
Zaheer Khan,Bowler,40000000,DC,2015,Indian
Zahir Khan Pakteen,Bowler,6000000,RR,2018,Indian
